<?xml version="1.0" encoding="UTF-8" standalone="yes"?>
<addon id="repository.darkdev57-xbmc-addons" name="DarkDev57 Repo" version="1.0" provider-name="DarkDev57">
	<extension point="xbmc.addon.repository" name="DarkDev57 Repo">
		<info compressed="false">https://raw.githubusercontent.com/darkdev57/darkdev57-xbmc-addons/master/addons.xml</info>
		<checksum>https://raw.githubusercontent.com/darkdev57/darkdev57-xbmc-addons/master/addons.xml.md5</checksum>
		<datadir zip="true">https://github.com/darkdev57/darkdev57-xbmc-addons/raw/master/repo</datadir>
	</extension>
	<extension point="xbmc.addon.metadata">
		<summary>Repository of add ons</summary>
		<description>collection of add ons found and should not be lost</description>
		<platform>all</platform>
	</extension>
</addon>