<?xml version="1.0" encoding="UTF-8" standalone="yes"?>
<addon id="plugin.video.kodilivetv" name="Kodi Live TV" version="1.1.3" provider-name="Vania Rupeni">
  <requires>
    <import addon="xbmc.python" version="2.1.0"/>
  </requires>
  <extension point="xbmc.python.pluginsource" library="default.py">
        <provides>video</provides>
  </extension>
  <extension point="xbmc.addon.metadata">
    <summary lang="en">Kodi Live TV - downloaded for free from: http://kodilive.eu</summary>
    <description lang="en">Kodi Live TV - downloaded for free from:
http://kodilive.eu</description>
    <platform>all</platform>
  </extension>
</addon>
